txn_id,timestamp,customer_id,type,amount,recipient_id,country,risk_score,source,reasons_text
T04405,2026-08-14 18:58:00,C001,transfer,10583.3,X1764,CY,9,rules+ml,LARGE_VS_HISTORY; NEW_RECIPIENT_LARGE; FOREIGN_DESTINATION; ML_ANOMALY
T05167,2026-08-26 19:30:00,C033,transfer,3632.05,X2846,KY,9,rules+ml,LARGE_VS_HISTORY; NEW_RECIPIENT_LARGE; FOREIGN_DESTINATION; ML_ANOMALY
T04943,2026-08-23 13:33:00,C007,transfer,18229.37,X8649,PA,9,rules+ml,LARGE_VS_HISTORY; NEW_RECIPIENT_LARGE; FOREIGN_DESTINATION; ML_ANOMALY
T05287,2026-08-28 18:52:00,C032,transfer,54742.02,X5912,US,8,rules+ml,LARGE_VS_HISTORY; NEW_RECIPIENT_LARGE; ML_ANOMALY
T03812,2026-08-04 17:58:00,C015,deposit,9286.45,SELF,US,8,rules+ml,REPEATED_NEAR_CTR_THRESHOLD; LARGE_VS_HISTORY; ML_ANOMALY
T04740,2026-08-20 10:13:00,C050,deposit,9119.58,SELF,US,8,rules+ml,REPEATED_NEAR_CTR_THRESHOLD; LARGE_VS_HISTORY; ML_ANOMALY
T03924,2026-08-06 13:11:00,C049,deposit,9739.91,SELF,US,8,rules+ml,REPEATED_NEAR_CTR_THRESHOLD; LARGE_VS_HISTORY; ML_ANOMALY
T03892,2026-08-05 19:42:00,C049,deposit,9278.83,SELF,US,8,rules+ml,REPEATED_NEAR_CTR_THRESHOLD; LARGE_VS_HISTORY; ML_ANOMALY
T03814,2026-08-04 18:22:00,C049,deposit,9491.17,SELF,US,8,rules+ml,REPEATED_NEAR_CTR_THRESHOLD; LARGE_VS_HISTORY; ML_ANOMALY
T04800,2026-08-21 12:09:00,C050,deposit,9743.64,SELF,US,8,rules+ml,REPEATED_NEAR_CTR_THRESHOLD; LARGE_VS_HISTORY; ML_ANOMALY
T04868,2026-08-22 13:05:00,C050,deposit,9652.37,SELF,US,8,rules+ml,REPEATED_NEAR_CTR_THRESHOLD; LARGE_VS_HISTORY; ML_ANOMALY
T05284,2026-08-28 18:23:00,C025,transfer,44415.49,X8195,US,8,rules+ml,LARGE_VS_HISTORY; NEW_RECIPIENT_LARGE; ML_ANOMALY
T03671,2026-08-02 15:17:00,C015,deposit,9282.83,SELF,US,8,rules+ml,REPEATED_NEAR_CTR_THRESHOLD; LARGE_VS_HISTORY; ML_ANOMALY
T05180,2026-08-27 10:10:00,C032,deposit,47782.23,SELF,US,8,rules+ml,LARGE_VS_HISTORY; DORMANT_REACTIVATION; ML_ANOMALY
T05221,2026-08-27 18:16:00,C025,deposit,52352.36,SELF,US,8,rules+ml,LARGE_VS_HISTORY; DORMANT_REACTIVATION; ML_ANOMALY
T03699,2026-08-03 09:22:00,C015,deposit,9531.97,SELF,US,8,rules+ml,REPEATED_NEAR_CTR_THRESHOLD; LARGE_VS_HISTORY; ML_ANOMALY
T04540,2026-08-17 02:34:00,C014,transfer,344.13,N3057,US,7,rules+ml,NEW_RECIPIENT; HIGH_VELOCITY; NIGHT_ACTIVITY; ML_ANOMALY
T04541,2026-08-17 02:37:00,C014,transfer,228.27,N7738,US,7,rules+ml,NEW_RECIPIENT; HIGH_VELOCITY; NIGHT_ACTIVITY; ML_ANOMALY
T04542,2026-08-17 02:42:00,C014,transfer,208.68,N9501,US,7,rules+ml,NEW_RECIPIENT; HIGH_VELOCITY; NIGHT_ACTIVITY; ML_ANOMALY
T04543,2026-08-17 02:47:00,C014,transfer,291.99,N1769,US,7,rules+ml,NEW_RECIPIENT; HIGH_VELOCITY; NIGHT_ACTIVITY; ML_ANOMALY
T04672,2026-08-19 02:20:00,C006,transfer,239.09,N4233,US,7,rules+ml,NEW_RECIPIENT; HIGH_VELOCITY; NIGHT_ACTIVITY; ML_ANOMALY
T04675,2026-08-19 02:33:00,C006,transfer,233.51,N1907,US,7,rules+ml,NEW_RECIPIENT; HIGH_VELOCITY; NIGHT_ACTIVITY; ML_ANOMALY
T04673,2026-08-19 02:23:00,C006,transfer,211.92,N5501,US,7,rules+ml,NEW_RECIPIENT; HIGH_VELOCITY; NIGHT_ACTIVITY; ML_ANOMALY
T04674,2026-08-19 02:28:00,C006,transfer,295.23,N8347,US,7,rules+ml,NEW_RECIPIENT; HIGH_VELOCITY; NIGHT_ACTIVITY; ML_ANOMALY
T04676,2026-08-19 02:38:00,C006,transfer,240.57,N8667,US,7,rules+ml,NEW_RECIPIENT; HIGH_VELOCITY; NIGHT_ACTIVITY; ML_ANOMALY
T04677,2026-08-19 02:41:00,C006,transfer,347.53,N7910,US,7,rules+ml,NEW_RECIPIENT; HIGH_VELOCITY; NIGHT_ACTIVITY; ML_ANOMALY
T04678,2026-08-19 02:45:00,C006,transfer,342.71,N4831,US,7,rules+ml,NEW_RECIPIENT; HIGH_VELOCITY; NIGHT_ACTIVITY; ML_ANOMALY
T04538,2026-08-17 02:26:00,C014,transfer,233.77,N5370,US,7,rules+ml,NEW_RECIPIENT; HIGH_VELOCITY; NIGHT_ACTIVITY; ML_ANOMALY
T04539,2026-08-17 02:31:00,C014,transfer,324.6,N5362,US,7,rules+ml,NEW_RECIPIENT; HIGH_VELOCITY; NIGHT_ACTIVITY; ML_ANOMALY
T04537,2026-08-17 02:23:00,C014,transfer,332.24,N7696,US,7,rules+ml,NEW_RECIPIENT; HIGH_VELOCITY; NIGHT_ACTIVITY; ML_ANOMALY
T04535,2026-08-17 02:19:00,C014,transfer,239.69,N1534,US,7,rules+ml,NEW_RECIPIENT; HIGH_VELOCITY; NIGHT_ACTIVITY; ML_ANOMALY
T04536,2026-08-17 02:21:00,C014,transfer,185.23,N4565,US,7,rules+ml,NEW_RECIPIENT; HIGH_VELOCITY; NIGHT_ACTIVITY; ML_ANOMALY
T03736,2026-08-03 15:02:00,C049,deposit,9398.02,SELF,US,6,rules+ml,NEAR_CTR_THRESHOLD; LARGE_VS_HISTORY; ML_ANOMALY
T04717,2026-08-19 18:02:00,C050,deposit,9317.65,SELF,US,6,rules+ml,NEAR_CTR_THRESHOLD; LARGE_VS_HISTORY; ML_ANOMALY
T03612,2026-08-01 15:47:00,C015,deposit,9528.43,SELF,US,6,rules+ml,NEAR_CTR_THRESHOLD; LARGE_VS_HISTORY; ML_ANOMALY
T04670,2026-08-19 02:12:00,C006,transfer,333.63,N6151,US,4,rules+ml,NEW_RECIPIENT; NIGHT_ACTIVITY; ML_ANOMALY
T04534,2026-08-17 02:14:00,C014,transfer,332.93,N7301,US,4,rules+ml,NEW_RECIPIENT; NIGHT_ACTIVITY; ML_ANOMALY
T04533,2026-08-17 02:11:00,C014,transfer,211.13,N7811,US,4,rules+ml,NEW_RECIPIENT; NIGHT_ACTIVITY; ML_ANOMALY
T04671,2026-08-19 02:16:00,C006,transfer,276.19,N6146,US,4,rules+ml,NEW_RECIPIENT; NIGHT_ACTIVITY; ML_ANOMALY
T03971,2026-08-07 12:00:00,C037,payment,1850.0,M876,US,2,ml,ML_ANOMALY
T03935,2026-08-06 16:58:00,C037,payment,1800.0,M944,US,2,ml,ML_ANOMALY
T00899,2026-06-16 12:37:00,C020,deposit,1111.63,SELF,US,2,ml,ML_ANOMALY
T03643,2026-08-02 09:37:00,C023,payment,900.0,M856,US,2,ml,ML_ANOMALY
T03538,2026-07-31 13:14:00,C023,payment,950.0,M771,US,2,ml,ML_ANOMALY
T02469,2026-07-12 15:07:00,C003,deposit,796.07,SELF,US,2,ml,ML_ANOMALY
T01751,2026-07-01 08:44:00,C028,payment,43.53,M653,US,2,ml,ML_ANOMALY
T04738,2026-08-20 09:52:00,C011,deposit,2200.87,SELF,US,2,ml,ML_ANOMALY
T04130,2026-08-10 10:46:00,C037,payment,1650.0,M195,US,2,ml,ML_ANOMALY
T04037,2026-08-08 13:42:00,C037,payment,1400.0,M418,US,2,ml,ML_ANOMALY
T04114,2026-08-09 19:46:00,C037,payment,1750.0,M126,US,2,ml,ML_ANOMALY
T04219,2026-08-11 15:22:00,C037,payment,1250.0,M208,US,2,ml,ML_ANOMALY
T04301,2026-08-12 19:29:00,C037,payment,1800.0,M395,US,2,ml,ML_ANOMALY
T04347,2026-08-13 19:08:00,C037,payment,1550.0,M838,US,2,ml,ML_ANOMALY
T04531,2026-08-17 02:02:00,C014,transfer,251.71,N4146,US,2,rules,NEW_RECIPIENT; NIGHT_ACTIVITY
T04669,2026-08-19 02:09:00,C006,transfer,276.05,N4617,US,2,rules,NEW_RECIPIENT; NIGHT_ACTIVITY
T04668,2026-08-19 02:04:00,C006,transfer,269.09,N5723,US,2,rules,NEW_RECIPIENT; NIGHT_ACTIVITY
T04532,2026-08-17 02:07:00,C014,transfer,269.58,N1172,US,2,rules,NEW_RECIPIENT; NIGHT_ACTIVITY
T00379,2026-06-07 15:11:00,C020,deposit,1399.54,SELF,US,2,ml,ML_ANOMALY
